issue_id,issue_number,issue_name,issue_description,created_at,closed_at,due_on,repo_id,assignee_id
<<<<<<< HEAD
issue-1,5327,issue_1,fixing bug_001,2023-02-01T07:43:56,2023-05-04T11:06:20,2023-06-10T14:02:01,repo-13,61
issue-2,9779,issue_2,fixing bug_002,2023-05-15T07:14:59,2023-05-31T15:06:18,2023-06-30T13:49:20,repo-7,87
issue-3,7149,issue_3,fixing bug_003,2022-12-22T19:47:37,2023-07-15T10:39:27,2023-06-18T20:03:20,repo-9,32
issue-4,1904,issue_4,fixing bug_004,2022-07-26T10:57:59,2022-11-15T23:12:43,2023-05-18T01:17:58,repo-2,81
issue-5,4940,issue_5,fixing bug_005,2023-05-15T13:45:48,2023-05-28T03:28:51,2023-06-10T03:58:58,repo-29,52
issue-6,3078,issue_6,fixing bug_006,2023-05-23T17:47:29,2023-07-06T12:31:02,2023-07-04T16:10:43,repo-18,35
issue-7,8290,issue_7,fixing bug_007,2023-04-15T03:30:12,2023-05-31T07:21:28,2023-07-17T20:58:32,repo-7,1
issue-8,2169,issue_8,fixing bug_008,2022-09-05T11:57:58,2023-06-05T21:00:24,2023-02-24T08:29:34,repo-20,23
issue-9,1743,issue_9,fixing bug_009,2022-08-12T14:24:11,2022-12-08T21:36:00,2022-11-08T08:08:21,repo-9,35
issue-10,5883,issue_10,fixing bug_010,2022-11-28T07:47:56,2023-04-10T21:46:07,2023-06-14T19:05:58,repo-29,88
issue-11,2940,issue_11,fixing bug_011,2022-12-06T08:26:10,2022-12-28T19:27:37,2022-12-24T21:28:46,repo-29,18
issue-12,1665,issue_12,fixing bug_012,2022-12-21T20:45:02,2023-04-18T13:45:37,2023-05-22T04:35:40,repo-2,19
issue-13,4530,issue_13,fixing bug_013,2023-03-06T20:35:32,2023-04-01T00:55:34,2023-04-09T22:27:33,repo-14,36
issue-14,7710,issue_14,fixing bug_014,2022-09-06T23:52:20,2023-01-01T00:02:04,2023-06-07T14:44:28,repo-2,20
issue-15,7408,issue_15,fixing bug_015,2022-08-08T20:12:16,2023-02-02T15:24:25,2023-06-17T01:17:05,repo-31,64
issue-16,6919,issue_16,fixing bug_016,2022-12-27T20:49:47,2023-01-16T01:53:41,2023-04-07T19:07:53,repo-15,43
issue-17,5390,issue_17,fixing bug_017,2022-11-06T00:28:12,2023-07-02T22:04:29,2023-06-27T15:34:41,repo-23,75
issue-18,5055,issue_18,fixing bug_018,2022-12-31T23:43:38,2023-07-03T13:45:20,2023-06-25T08:13:28,repo-14,37
issue-19,8432,issue_19,fixing bug_019,2023-03-12T04:37:40,2023-06-06T20:04:05,2023-03-14T14:14:45,repo-18,1
issue-20,1087,issue_20,fixing bug_020,2023-02-11T21:49:02,2023-07-17T05:04:44,2023-03-07T08:48:11,repo-4,95
issue-21,6113,issue_21,fixing bug_021,2022-08-08T17:49:06,2022-09-04T10:47:22,2023-07-03T06:50:41,repo-7,62
issue-22,7919,issue_22,fixing bug_022,2022-11-06T07:25:26,2023-05-28T17:14:07,2023-01-06T12:29:57,repo-34,29
issue-23,5696,issue_23,fixing bug_023,2022-10-06T20:38:42,2022-10-29T20:16:35,2023-04-28T05:56:01,repo-8,89
issue-24,9429,issue_24,fixing bug_024,2023-06-01T11:32:59,2023-07-03T19:54:15,2023-07-12T05:53:16,repo-10,30
issue-25,3451,issue_25,fixing bug_025,2022-12-08T01:10:21,2023-06-24T13:30:33,2022-12-24T13:02:10,repo-17,35
issue-26,7879,issue_26,fixing bug_026,2022-12-29T12:23:57,2023-01-24T13:37:24,2023-05-15T06:22:47,repo-4,70
issue-27,2098,issue_27,fixing bug_027,2022-09-14T12:20:45,2023-03-01T13:45:35,2022-11-06T01:13:30,repo-27,2
issue-28,8771,issue_28,fixing bug_028,2023-07-09T14:59:18,2023-07-17T18:49:14,2023-07-13T03:59:53,repo-28,46
issue-29,6410,issue_29,fixing bug_029,2023-05-06T19:14:22,2023-05-07T16:14:30,2023-07-01T03:45:12,repo-29,83
issue-30,6089,issue_30,fixing bug_030,2023-02-26T04:57:29,2023-04-17T08:38:54,2023-05-08T08:19:31,repo-3,37
issue-31,1832,issue_31,fixing bug_031,2022-11-26T16:52:48,2023-01-07T01:49:18,2023-03-07T07:23:15,repo-23,64
issue-32,5856,issue_32,fixing bug_032,2022-09-10T08:42:42,2022-10-10T08:19:20,2023-07-02T11:39:10,repo-8,83
issue-33,6780,issue_33,fixing bug_033,2022-11-11T11:09:05,2022-12-11T20:13:55,2023-01-09T22:46:45,repo-10,11
issue-34,8390,issue_34,fixing bug_034,2023-05-15T19:46:12,2023-05-27T07:36:35,2023-06-01T22:04:25,repo-19,13
issue-35,5001,issue_35,fixing bug_035,2022-09-01T08:38:26,2023-04-13T08:01:03,2022-11-05T11:04:54,repo-6,97
issue-36,8093,issue_36,fixing bug_036,2022-11-28T06:31:07,2023-02-17T23:10:39,2023-05-27T04:46:08,repo-17,92
issue-37,7769,issue_37,fixing bug_037,2023-01-07T21:53:44,2023-05-12T19:28:27,2023-01-30T07:38:20,repo-24,26
issue-38,9931,issue_38,fixing bug_038,2023-02-18T07:37:09,2023-04-01T17:17:22,2023-03-17T23:44:12,repo-19,81
issue-39,3410,issue_39,fixing bug_039,2022-12-21T06:22:47,2023-04-17T16:34:09,2023-02-07T22:40:08,repo-31,50
issue-40,8675,issue_40,fixing bug_040,2022-10-29T14:36:59,2023-04-27T14:49:32,2022-12-29T18:26:06,repo-1,42
issue-41,9162,issue_41,fixing bug_041,2022-08-09T07:52:26,2022-10-27T21:46:17,2023-05-15T13:26:37,repo-27,98
issue-42,6672,issue_42,fixing bug_042,2023-06-19T12:01:44,2023-07-19T17:51:01,2023-06-22T15:57:23,repo-18,95
issue-43,9440,issue_43,fixing bug_043,2023-06-22T05:19:32,2023-07-03T12:14:28,2023-07-17T00:19:56,repo-11,49
issue-44,4851,issue_44,fixing bug_044,2022-12-27T20:23:17,2023-06-19T17:16:23,2023-06-19T23:50:04,repo-18,69
issue-45,3979,issue_45,fixing bug_045,2022-07-12T01:09:17,2022-12-04T00:08:26,2023-05-25T06:57:27,repo-12,65
issue-46,3176,issue_46,fixing bug_046,2022-08-23T13:21:18,2023-06-14T16:07:03,2023-01-28T23:28:16,repo-26,73
issue-47,3032,issue_47,fixing bug_047,2023-01-20T09:20:36,2023-07-16T07:21:36,2023-01-26T13:50:36,repo-1,23
issue-48,8617,issue_48,fixing bug_048,2022-10-29T10:11:58,2023-05-14T10:44:37,2023-04-20T05:10:44,repo-15,5
issue-49,6824,issue_49,fixing bug_049,2023-01-29T00:06:10,2023-04-17T19:50:59,2023-06-09T23:38:29,repo-17,43
issue-50,8194,issue_50,fixing bug_050,2022-07-08T15:24:07,2022-12-17T21:19:44,2022-11-16T08:25:56,repo-1,1
issue-51,7318,issue_51,fixing bug_051,2023-03-30T02:48:21,2023-05-19T23:45:00,2023-04-30T06:24:46,repo-23,4
issue-52,9278,issue_52,fixing bug_052,2022-11-21T01:30:20,2022-11-22T23:58:26,2023-03-24T17:39:52,repo-20,63
issue-53,1804,issue_53,fixing bug_053,2022-06-30T18:53:11,2022-10-04T22:01:40,2023-07-04T08:33:59,repo-26,5
issue-54,5115,issue_54,fixing bug_054,2023-03-08T06:06:37,2023-04-22T03:13:01,2023-07-06T16:58:06,repo-30,54
issue-55,5715,issue_55,fixing bug_055,2023-02-24T02:43:16,2023-05-16T16:33:29,2023-05-24T12:10:19,repo-23,22
issue-56,8971,issue_56,fixing bug_056,2022-10-30T06:17:39,2023-04-09T06:15:44,2023-03-12T04:53:11,repo-12,47
issue-57,2309,issue_57,fixing bug_057,2022-07-04T21:54:34,2023-02-06T15:36:33,2023-01-08T13:00:30,repo-8,45
issue-58,5897,issue_58,fixing bug_058,2023-01-09T08:34:47,2023-04-18T22:20:21,2023-02-03T00:50:42,repo-19,1
issue-59,3473,issue_59,fixing bug_059,2023-01-03T18:36:04,2023-05-28T23:00:34,2023-07-12T15:23:11,repo-10,84
issue-60,9218,issue_60,fixing bug_060,2023-01-04T19:44:15,2023-06-17T23:31:05,2023-03-21T12:40:27,repo-18,49
issue-61,5611,issue_61,fixing bug_061,2023-03-31T04:28:57,2023-04-16T00:13:39,2023-06-22T20:42:15,repo-7,91
issue-62,5605,issue_62,fixing bug_062,2023-02-28T16:27:14,2023-03-02T20:09:57,2023-05-26T14:48:57,repo-9,18
issue-63,3493,issue_63,fixing bug_063,2023-02-06T21:33:18,2023-04-30T00:26:50,2023-02-09T03:29:30,repo-19,95
issue-64,5674,issue_64,fixing bug_064,2022-09-27T18:49:52,2023-03-02T20:56:03,2023-06-29T04:33:48,repo-21,74
issue-65,5304,issue_65,fixing bug_065,2023-01-08T10:43:35,2023-05-10T17:04:34,2023-03-24T16:25:07,repo-32,83
issue-66,6431,issue_66,fixing bug_066,2023-03-13T03:02:55,2023-05-12T08:31:05,2023-06-14T19:50:05,repo-31,38
issue-67,7594,issue_67,fixing bug_067,2022-10-08T03:38:35,2023-05-07T23:54:25,2022-11-19T16:50:31,repo-5,4
issue-68,7180,issue_68,fixing bug_068,2022-10-31T22:06:05,2023-07-08T18:13:16,2022-12-03T17:50:41,repo-29,52
issue-69,1733,issue_69,fixing bug_069,2023-03-18T02:28:28,2023-03-30T06:40:24,2023-04-24T23:45:26,repo-27,74
issue-70,2131,issue_70,fixing bug_070,2023-01-30T12:39:21,2023-03-29T22:15:39,2023-02-02T05:22:49,repo-27,31
issue-71,9504,issue_71,fixing bug_071,2022-08-21T08:59:58,2023-03-19T16:13:09,2022-09-14T22:17:50,repo-34,71
issue-72,9777,issue_72,fixing bug_072,2023-06-19T13:45:43,2023-07-11T14:57:41,2023-07-05T20:53:05,repo-31,38
issue-73,9956,issue_73,fixing bug_073,2022-11-20T16:44:14,2023-04-05T06:04:39,2023-07-16T11:42:35,repo-25,63
issue-74,2783,issue_74,fixing bug_074,2023-01-09T09:23:16,2023-06-10T13:35:28,2023-06-08T05:09:50,repo-15,42
issue-75,3133,issue_75,fixing bug_075,2022-10-21T11:11:41,2023-05-28T23:57:15,2023-03-19T05:28:53,repo-3,98
issue-76,5347,issue_76,fixing bug_076,2022-08-04T18:24:00,2023-01-05T06:55:47,2022-08-27T06:36:03,repo-13,85
issue-77,3988,issue_77,fixing bug_077,2023-02-10T14:56:01,2023-06-03T16:25:26,2023-05-23T02:11:30,repo-6,89
issue-78,3678,issue_78,fixing bug_078,2023-04-16T07:18:58,2023-07-01T10:27:41,2023-05-21T01:25:24,repo-16,50
issue-79,1317,issue_79,fixing bug_079,2022-08-16T16:09:52,2023-04-05T09:02:10,2022-08-19T21:56:35,repo-8,1
issue-80,5991,issue_80,fixing bug_080,2022-09-25T11:54:05,2023-04-27T09:16:16,2022-10-24T01:26:41,repo-6,9
issue-81,2368,issue_81,fixing bug_081,2023-05-19T01:48:26,2023-07-18T18:16:16,2023-07-14T20:21:54,repo-28,60
issue-82,8434,issue_82,fixing bug_082,2022-10-03T15:31:36,2023-05-28T12:43:08,2022-12-16T07:00:23,repo-2,55
issue-83,6774,issue_83,fixing bug_083,2022-11-28T22:19:40,2023-01-22T05:03:02,2023-05-03T03:37:33,repo-23,91
issue-84,8897,issue_84,fixing bug_084,2022-12-11T11:48:45,2023-01-07T06:07:59,2023-03-05T18:21:23,repo-28,54
issue-85,9757,issue_85,fixing bug_085,2022-10-08T14:48:10,2022-12-26T11:27:01,2023-01-13T01:19:25,repo-32,52
issue-86,1658,issue_86,fixing bug_086,2023-02-12T08:09:08,2023-07-04T18:49:14,2023-07-13T03:59:19,repo-10,3
issue-87,5150,issue_87,fixing bug_087,2022-12-23T07:15:58,2023-01-24T11:32:28,2023-03-12T13:52:39,repo-33,47
issue-88,5088,issue_88,fixing bug_088,2022-10-23T14:55:11,2023-04-18T18:44:47,2022-12-13T13:26:59,repo-33,20
issue-89,6923,issue_89,fixing bug_089,2023-07-03T08:45:14,2023-07-11T12:00:42,2023-07-14T10:37:38,repo-21,16
issue-90,7730,issue_90,fixing bug_090,2023-02-17T14:10:51,2023-07-08T06:00:17,2023-07-03T05:21:10,repo-11,35
issue-91,5615,issue_91,fixing bug_091,2023-03-12T21:39:36,2023-06-22T21:21:16,2023-05-31T09:09:40,repo-18,71
issue-92,8597,issue_92,fixing bug_092,2022-12-30T19:54:56,2023-01-25T17:47:02,2023-04-02T10:29:38,repo-11,11
issue-93,3782,issue_93,fixing bug_093,2023-02-17T09:24:40,2023-05-12T23:15:11,2023-04-07T14:39:42,repo-23,65
issue-94,8659,issue_94,fixing bug_094,2022-12-23T01:23:08,2023-06-02T01:43:47,2023-03-30T15:08:40,repo-33,7
issue-95,2895,issue_95,fixing bug_095,2022-11-06T18:24:42,2023-04-28T15:19:07,2022-12-13T18:13:42,repo-19,93
issue-96,6406,issue_96,fixing bug_096,2023-02-16T16:04:20,2023-06-07T05:08:47,2023-05-20T07:49:06,repo-19,58
issue-97,6744,issue_97,fixing bug_097,2023-03-21T04:50:57,2023-07-06T14:52:27,2023-04-04T03:07:11,repo-18,31
issue-98,6528,issue_98,fixing bug_098,2022-10-06T14:01:35,2023-04-06T14:48:57,2023-04-30T12:34:51,repo-34,4
issue-99,1676,issue_99,fixing bug_099,2022-07-08T23:44:19,2022-07-28T08:31:58,2023-01-11T18:54:59,repo-23,66
issue-100,8896,issue_100,fixing bug_100,2022-08-15T02:17:12,2022-10-13T07:04:02,2023-06-10T08:44:02,repo-22,63
issue-101,9090,issue_101,fixing bug_101,2022-09-12T11:54:31,2022-11-18T00:50:16,2023-07-01T11:41:13,repo-24,31
issue-102,4290,issue_102,fixing bug_102,2022-11-10T18:50:47,2022-11-28T11:44:43,2023-05-13T03:49:54,repo-22,57
issue-103,8053,issue_103,fixing bug_103,2023-02-19T02:39:00,2023-03-21T00:18:33,2023-03-30T00:32:17,repo-33,28
issue-104,4300,issue_104,fixing bug_104,2023-07-04T21:04:20,2023-07-07T17:56:07,2023-07-18T14:11:44,repo-18,34
issue-105,6287,issue_105,fixing bug_105,2022-10-23T04:15:13,2023-02-17T08:41:30,2022-10-24T14:12:45,repo-3,50
issue-106,7974,issue_106,fixing bug_106,2023-06-23T07:57:18,2023-07-06T11:01:07,2023-07-18T14:05:09,repo-31,64
issue-107,1326,issue_107,fixing bug_107,2022-08-20T01:48:09,2022-11-06T01:21:05,2022-12-20T13:44:20,repo-11,96
issue-108,8369,issue_108,fixing bug_108,2022-09-01T06:59:20,2022-09-05T20:17:51,2022-11-04T03:43:16,repo-15,36
issue-109,8178,issue_109,fixing bug_109,2022-10-27T23:11:54,2023-04-21T16:18:48,2023-05-11T01:18:29,repo-17,41
issue-110,9938,issue_110,fixing bug_110,2023-04-10T21:27:02,2023-06-04T07:17:22,2023-07-11T06:13:25,repo-13,84
issue-111,3541,issue_111,fixing bug_111,2022-06-30T14:57:14,2022-11-18T23:04:18,2023-06-17T17:49:45,repo-6,42
issue-112,5136,issue_112,fixing bug_112,2022-07-21T16:20:49,2022-09-06T00:54:06,2022-09-17T14:26:42,repo-6,66
issue-113,6314,issue_113,fixing bug_113,2022-10-10T12:40:18,2023-01-20T22:48:25,2023-07-10T01:06:29,repo-19,19
issue-114,3366,issue_114,fixing bug_114,2023-04-25T19:32:01,2023-05-19T21:51:59,2023-07-01T05:51:39,repo-19,31
issue-115,6933,issue_115,fixing bug_115,2023-04-24T19:43:26,2023-07-04T06:21:01,2023-07-13T05:23:03,repo-28,73
issue-116,9911,issue_116,fixing bug_116,2022-07-13T13:29:10,2023-05-27T20:50:33,2022-08-02T18:44:47,repo-10,63
issue-117,9008,issue_117,fixing bug_117,2022-09-25T16:04:29,2023-02-25T05:17:08,2023-06-29T16:02:35,repo-12,8
issue-118,3508,issue_118,fixing bug_118,2022-11-08T12:14:57,2023-01-27T18:39:17,2023-02-23T23:09:10,repo-30,19
issue-119,8277,issue_119,fixing bug_119,2023-05-19T08:36:29,2023-06-15T03:34:15,2023-06-19T21:11:39,repo-5,76
issue-120,9798,issue_120,fixing bug_120,2023-01-31T18:45:31,2023-02-23T22:54:18,2023-07-15T07:42:45,repo-1,9
issue-121,1842,issue_121,fixing bug_121,2022-12-10T02:53:26,2023-04-25T20:40:23,2023-04-12T06:12:33,repo-18,53
issue-122,9153,issue_122,fixing bug_122,2022-12-15T23:44:39,2023-02-26T13:16:09,2023-01-30T00:28:40,repo-19,70
issue-123,2487,issue_123,fixing bug_123,2023-03-16T19:13:58,2023-05-24T00:51:25,2023-05-21T23:09:18,repo-32,62
issue-124,4874,issue_124,fixing bug_124,2022-11-15T19:00:47,2023-05-01T07:04:54,2023-07-19T03:50:36,repo-18,76
issue-125,9084,issue_125,fixing bug_125,2023-06-14T06:14:12,2023-07-02T14:22:44,2023-07-15T19:37:31,repo-30,16
issue-126,5721,issue_126,fixing bug_126,2023-07-04T11:13:30,2023-07-05T19:06:29,2023-07-15T06:09:56,repo-21,39
issue-127,3380,issue_127,fixing bug_127,2022-10-04T10:41:30,2023-03-26T06:47:48,2023-03-03T10:29:21,repo-15,18
issue-128,5832,issue_128,fixing bug_128,2022-12-25T10:41:15,2023-03-25T22:56:57,2023-06-28T07:16:07,repo-21,98
issue-129,7555,issue_129,fixing bug_129,2022-08-07T07:42:42,2023-06-18T04:37:26,2022-10-09T21:29:15,repo-18,96
issue-130,2193,issue_130,fixing bug_130,2023-01-28T01:17:54,2023-03-23T00:33:17,2023-07-10T08:33:45,repo-31,45
issue-131,8628,issue_131,fixing bug_131,2022-10-03T11:10:47,2023-06-04T06:26:43,2022-11-17T22:37:18,repo-34,46
issue-132,1918,issue_132,fixing bug_132,2023-04-19T07:15:23,2023-05-02T11:36:05,2023-05-24T05:44:45,repo-28,7
issue-133,5243,issue_133,fixing bug_133,2022-11-24T21:58:10,2023-02-22T16:48:38,2022-11-29T01:18:03,repo-32,90
issue-134,7755,issue_134,fixing bug_134,2023-06-04T11:54:53,2023-06-09T18:03:02,2023-07-19T00:33:28,repo-28,27
issue-135,2165,issue_135,fixing bug_135,2023-01-30T17:08:46,2023-07-01T14:30:29,2023-02-14T22:20:07,repo-30,25
issue-136,6265,issue_136,fixing bug_136,2023-04-30T01:06:46,2023-06-11T20:52:40,2023-07-16T20:25:50,repo-9,52
issue-137,6588,issue_137,fixing bug_137,2022-07-25T08:20:25,2023-03-19T16:10:09,2022-11-28T13:36:54,repo-5,71
issue-138,6011,issue_138,fixing bug_138,2022-08-19T16:21:58,2022-12-17T01:19:55,2022-09-26T18:31:15,repo-19,97
issue-139,4544,issue_139,fixing bug_139,2023-02-21T16:43:36,2023-06-18T06:08:59,2023-06-08T04:25:17,repo-12,75
issue-140,3735,issue_140,fixing bug_140,2022-08-13T09:39:44,2023-06-30T07:43:42,2023-06-01T19:03:25,repo-8,58
issue-141,6254,issue_141,fixing bug_141,2022-07-31T10:23:44,2023-01-02T00:40:59,2023-07-12T19:18:09,repo-25,22
issue-142,7588,issue_142,fixing bug_142,2022-09-19T03:21:03,2023-05-13T23:05:03,2022-10-20T21:24:27,repo-14,75
issue-143,1176,issue_143,fixing bug_143,2022-08-16T05:28:34,2023-01-21T03:48:32,2023-05-20T08:30:53,repo-25,60
issue-144,2196,issue_144,fixing bug_144,2022-10-05T09:02:02,2023-02-15T17:38:30,2023-07-14T12:14:40,repo-13,47
issue-145,2323,issue_145,fixing bug_145,2023-05-18T22:34:26,2023-07-13T07:27:10,2023-06-11T16:30:45,repo-21,94
issue-146,8239,issue_146,fixing bug_146,2022-12-05T16:37:28,2023-05-25T15:51:25,2023-05-23T21:07:33,repo-2,87
issue-147,4275,issue_147,fixing bug_147,2022-12-16T19:21:32,2023-03-13T21:39:41,2023-01-28T01:50:28,repo-25,57
issue-148,5339,issue_148,fixing bug_148,2023-06-03T12:56:58,2023-07-07T21:51:15,2023-07-05T06:37:41,repo-3,22
issue-149,4364,issue_149,fixing bug_149,2023-05-29T23:00:30,2023-06-23T00:48:45,2023-06-12T20:55:18,repo-10,43
issue-150,2617,issue_150,fixing bug_150,2022-09-20T02:20:49,2022-10-13T06:28:18,2023-04-25T22:39:57,repo-30,74
issue-151,4662,issue_151,fixing bug_151,2022-07-06T07:40:16,2022-08-27T02:58:46,2022-09-27T03:21:31,repo-27,59
issue-152,5606,issue_152,fixing bug_152,2023-04-28T18:18:12,2023-07-06T14:19:49,2023-06-14T03:49:34,repo-1,40
issue-153,1511,issue_153,fixing bug_153,2023-05-26T18:11:06,2023-06-27T02:54:00,2023-06-24T01:44:45,repo-16,96
issue-154,3184,issue_154,fixing bug_154,2022-11-28T05:51:11,2023-05-05T14:13:38,2022-12-13T18:57:27,repo-11,33
issue-155,5387,issue_155,fixing bug_155,2023-01-06T09:08:11,2023-06-14T02:50:20,2023-06-14T06:06:41,repo-5,22
issue-156,9596,issue_156,fixing bug_156,2022-07-27T14:43:52,2023-06-01T11:29:58,2023-06-26T12:21:38,repo-13,17
issue-157,6720,issue_157,fixing bug_157,2023-05-25T07:37:29,2023-06-10T07:37:11,2023-06-26T06:04:04,repo-17,1
issue-158,2866,issue_158,fixing bug_158,2022-07-05T07:25:00,2023-04-28T12:11:06,2023-04-02T16:29:34,repo-27,10
issue-159,1071,issue_159,fixing bug_159,2022-12-22T01:31:18,2023-03-10T20:38:06,2023-03-31T23:22:50,repo-26,32
issue-160,4049,issue_160,fixing bug_160,2023-03-12T01:24:19,2023-03-24T19:49:59,2023-03-24T01:36:22,repo-21,11
issue-161,2061,issue_161,fixing bug_161,2023-04-29T17:01:52,2023-06-05T16:04:28,2023-06-13T00:43:50,repo-32,35
issue-162,4381,issue_162,fixing bug_162,2022-09-13T07:20:18,2022-10-04T12:24:20,2023-04-30T22:23:15,repo-27,56
issue-163,1994,issue_163,fixing bug_163,2023-04-28T07:18:18,2023-05-08T14:50:10,2023-07-13T16:58:42,repo-19,85
issue-164,6730,issue_164,fixing bug_164,2022-11-15T15:12:46,2023-07-09T08:43:08,2023-05-21T18:50:00,repo-21,87
issue-165,2190,issue_165,fixing bug_165,2023-07-12T13:35:32,2023-07-13T12:57:34,2023-07-17T12:05:12,repo-16,54
issue-166,9139,issue_166,fixing bug_166,2022-12-24T07:00:11,2023-05-07T17:19:58,2023-05-28T03:20:56,repo-23,74
issue-167,9738,issue_167,fixing bug_167,2023-05-02T12:08:51,2023-06-07T10:14:05,2023-06-29T21:56:55,repo-18,95
issue-168,5054,issue_168,fixing bug_168,2022-10-11T13:59:28,2023-05-28T19:52:44,2023-03-19T07:57:51,repo-13,27
issue-169,6570,issue_169,fixing bug_169,2023-04-03T01:46:34,2023-06-30T21:10:28,2023-04-03T12:18:47,repo-6,24
issue-170,4370,issue_170,fixing bug_170,2022-08-21T07:20:18,2022-10-04T05:24:05,2023-03-16T15:42:57,repo-20,6
issue-171,1929,issue_171,fixing bug_171,2023-06-14T13:29:05,2023-07-19T13:22:35,2023-06-25T14:25:01,repo-14,21
issue-172,2726,issue_172,fixing bug_172,2023-07-13T03:06:31,2023-07-16T10:59:16,2023-07-15T15:02:13,repo-20,42
issue-173,7425,issue_173,fixing bug_173,2022-11-05T16:56:13,2022-11-26T15:00:21,2023-06-12T03:36:17,repo-28,68
issue-174,3110,issue_174,fixing bug_174,2023-03-18T12:24:34,2023-03-31T17:01:26,2023-06-11T00:08:26,repo-25,5
issue-175,5088,issue_175,fixing bug_175,2023-01-14T18:36:46,2023-03-11T16:00:23,2023-06-04T20:02:16,repo-24,4
issue-176,9958,issue_176,fixing bug_176,2023-06-21T03:23:20,2023-06-27T16:59:23,2023-06-29T15:19:46,repo-28,22
issue-177,4785,issue_177,fixing bug_177,2022-08-12T18:23:09,2023-06-18T03:52:13,2023-04-26T09:52:31,repo-32,47
issue-178,4830,issue_178,fixing bug_178,2023-01-29T12:33:37,2023-03-01T20:25:17,2023-05-28T17:46:45,repo-23,31
issue-179,4857,issue_179,fixing bug_179,2023-03-21T00:15:49,2023-05-10T13:03:05,2023-05-03T20:25:05,repo-33,69
issue-180,2581,issue_180,fixing bug_180,2023-03-20T20:37:50,2023-06-29T06:21:56,2023-06-10T21:17:17,repo-4,49
issue-181,7866,issue_181,fixing bug_181,2023-07-11T05:01:26,2023-07-15T08:40:40,2023-07-17T17:09:09,repo-10,85
issue-182,9211,issue_182,fixing bug_182,2023-06-17T16:33:31,2023-07-16T07:00:02,2023-07-18T11:13:57,repo-18,25
issue-183,6648,issue_183,fixing bug_183,2023-03-15T21:07:11,2023-03-27T22:02:19,2023-03-26T04:37:06,repo-19,4
issue-184,4975,issue_184,fixing bug_184,2022-07-03T11:30:01,2022-11-12T22:49:05,2023-02-03T03:17:46,repo-10,53
issue-185,3147,issue_185,fixing bug_185,2023-04-08T14:00:01,2023-06-25T19:18:31,2023-06-02T07:34:49,repo-33,79
issue-186,7105,issue_186,fixing bug_186,2023-03-06T09:06:26,2023-04-18T17:34:29,2023-07-05T20:24:21,repo-1,19
issue-187,1419,issue_187,fixing bug_187,2023-03-29T19:08:52,2023-04-29T17:05:26,2023-06-23T05:15:33,repo-16,97
issue-188,1980,issue_188,fixing bug_188,2023-02-26T08:13:48,2023-03-08T17:34:02,2023-03-06T17:41:32,repo-27,84
issue-189,4516,issue_189,fixing bug_189,2023-03-19T06:30:39,2023-03-26T14:08:12,2023-07-18T13:08:10,repo-12,22
issue-190,8703,issue_190,fixing bug_190,2022-12-19T05:30:42,2023-06-05T02:11:19,2023-04-07T19:41:26,repo-1,28
issue-191,8711,issue_191,fixing bug_191,2023-01-16T13:50:10,2023-06-14T07:35:48,2023-03-13T15:47:02,repo-29,37
issue-192,4057,issue_192,fixing bug_192,2022-10-01T02:32:51,2022-10-29T05:47:49,2023-01-05T09:57:15,repo-3,46
issue-193,4310,issue_193,fixing bug_193,2022-09-22T16:14:09,2023-05-07T08:56:42,2023-02-13T15:14:59,repo-23,98
issue-194,4296,issue_194,fixing bug_194,2023-02-01T19:21:25,2023-07-08T19:56:48,2023-06-06T07:56:20,repo-19,9
issue-195,1201,issue_195,fixing bug_195,2022-10-23T14:18:45,2022-12-07T03:48:43,2023-01-19T11:30:43,repo-21,95
issue-196,5473,issue_196,fixing bug_196,2022-10-07T00:03:11,2023-02-15T20:51:56,2022-12-25T20:52:10,repo-21,47
issue-197,4383,issue_197,fixing bug_197,2022-10-25T13:34:40,2022-12-13T22:39:14,2022-12-27T09:38:19,repo-33,89
issue-198,6753,issue_198,fixing bug_198,2022-08-10T07:43:11,2022-11-22T16:46:21,2023-03-27T19:46:49,repo-20,86
issue-199,4377,issue_199,fixing bug_199,2022-08-30T06:24:01,2022-12-29T00:18:33,2023-01-27T05:04:22,repo-10,86
issue-200,2829,issue_200,fixing bug_200,2022-08-22T06:57:42,2023-03-28T02:49:51,2022-11-09T01:41:41,repo-15,82
issue-201,7758,issue_201,fixing bug_201,2022-08-30T12:07:30,2022-11-06T23:27:30,2023-07-08T20:11:36,repo-31,13
issue-202,6363,issue_202,fixing bug_202,2023-05-17T03:49:34,2023-06-21T16:22:04,2023-05-20T02:19:53,repo-10,97
issue-203,3528,issue_203,fixing bug_203,2023-02-28T23:39:04,2023-04-13T21:00:11,2023-03-27T02:01:53,repo-12,41
issue-204,3072,issue_204,fixing bug_204,2022-08-29T22:10:04,2023-02-10T23:10:14,2023-02-03T10:26:25,repo-15,9
issue-205,8935,issue_205,fixing bug_205,2023-01-15T01:18:41,2023-03-31T17:54:41,2023-01-26T16:40:01,repo-29,69
issue-206,9725,issue_206,fixing bug_206,2023-01-21T00:56:20,2023-07-02T23:49:09,2023-01-28T19:59:14,repo-16,33
issue-207,6808,issue_207,fixing bug_207,2022-09-30T18:58:50,2023-06-20T04:58:42,2023-01-14T03:26:13,repo-3,59
issue-208,8852,issue_208,fixing bug_208,2023-01-08T00:12:53,2023-06-30T10:16:11,2023-02-19T07:14:02,repo-7,32
issue-209,9194,issue_209,fixing bug_209,2023-01-21T17:20:30,2023-03-20T15:11:12,2023-04-30T06:59:55,repo-25,15
issue-210,9543,issue_210,fixing bug_210,2022-08-18T15:53:53,2022-08-25T22:33:36,2022-12-12T16:38:47,repo-8,55
issue-211,9803,issue_211,fixing bug_211,2022-12-02T01:18:51,2023-04-18T06:18:42,2023-01-02T20:48:47,repo-32,30
issue-212,4582,issue_212,fixing bug_212,2022-12-01T02:23:56,2023-04-13T02:03:25,2023-04-16T07:54:59,repo-34,18
issue-213,6780,issue_213,fixing bug_213,2022-12-08T11:21:47,2023-06-03T00:24:19,2023-04-09T22:53:05,repo-12,65
issue-214,1528,issue_214,fixing bug_214,2023-02-08T23:16:28,2023-04-10T15:09:18,2023-05-12T15:52:56,repo-2,73
issue-215,7481,issue_215,fixing bug_215,2022-09-10T23:42:42,2023-04-06T00:28:25,2022-10-12T10:06:08,repo-22,10
issue-216,4019,issue_216,fixing bug_216,2023-04-17T13:39:55,2023-05-06T03:54:44,2023-04-28T00:09:41,repo-1,72
issue-217,4989,issue_217,fixing bug_217,2023-02-10T20:14:48,2023-02-14T07:03:17,2023-02-15T18:36:13,repo-24,81
issue-218,9496,issue_218,fixing bug_218,2023-06-05T17:53:00,2023-07-09T15:38:34,2023-06-05T18:31:07,repo-8,89
issue-219,7750,issue_219,fixing bug_219,2022-10-12T05:08:56,2022-12-03T11:32:21,2023-02-13T08:22:37,repo-8,8
issue-220,1131,issue_220,fixing bug_220,2022-09-08T13:37:22,2023-01-08T01:26:57,2023-04-22T17:43:14,repo-1,54
issue-221,4959,issue_221,fixing bug_221,2022-10-27T17:47:07,2023-01-08T11:10:47,2023-03-31T21:04:42,repo-26,21
issue-222,3950,issue_222,fixing bug_222,2023-01-06T13:23:18,2023-02-27T05:57:09,2023-06-05T21:43:42,repo-16,69
issue-223,4624,issue_223,fixing bug_223,2022-08-22T14:18:35,2023-02-16T20:20:03,2023-03-27T13:57:05,repo-34,16
issue-224,8501,issue_224,fixing bug_224,2023-04-11T18:33:09,2023-05-05T06:20:59,2023-05-23T10:27:06,repo-23,64
issue-225,3561,issue_225,fixing bug_225,2022-07-10T15:55:01,2023-05-17T04:30:16,2023-02-18T06:59:43,repo-22,25
issue-226,4252,issue_226,fixing bug_226,2023-03-21T06:23:53,2023-04-15T05:07:18,2023-04-07T17:18:49,repo-13,8
issue-227,3051,issue_227,fixing bug_227,2022-07-21T17:18:44,2022-11-26T09:21:13,2023-05-11T03:57:35,repo-18,93
issue-228,5895,issue_228,fixing bug_228,2022-08-07T10:22:12,2023-01-17T12:02:50,2023-05-13T14:21:40,repo-14,58
issue-229,3579,issue_229,fixing bug_229,2022-11-20T02:08:52,2022-11-23T01:19:10,2023-05-03T05:27:10,repo-2,98
issue-230,1706,issue_230,fixing bug_230,2023-06-13T15:30:56,2023-06-13T15:46:10,2023-06-14T00:33:31,repo-23,85
issue-231,8229,issue_231,fixing bug_231,2022-10-01T05:48:14,2023-02-21T18:00:54,2023-04-15T15:35:03,repo-23,49
issue-232,3980,issue_232,fixing bug_232,2023-01-27T19:58:36,2023-04-28T11:48:40,2023-05-18T17:25:53,repo-9,28
issue-233,3011,issue_233,fixing bug_233,2022-12-27T20:47:21,2023-06-21T14:41:51,2023-05-11T04:00:13,repo-29,6
issue-234,5167,issue_234,fixing bug_234,2022-10-25T08:35:49,2023-05-27T06:14:38,2023-01-21T03:43:01,repo-8,93
issue-235,6311,issue_235,fixing bug_235,2022-09-05T20:03:32,2023-05-14T11:26:01,2023-03-22T05:44:24,repo-15,32
issue-236,2101,issue_236,fixing bug_236,2022-11-17T20:11:08,2023-02-06T16:28:47,2023-01-09T23:04:16,repo-8,53
issue-237,6076,issue_237,fixing bug_237,2023-03-30T14:21:49,2023-05-02T13:27:37,2023-05-19T01:00:12,repo-31,49
issue-238,2090,issue_238,fixing bug_238,2022-10-04T16:39:42,2023-06-14T18:47:15,2022-11-21T07:31:16,repo-16,40
issue-239,6786,issue_239,fixing bug_239,2023-07-10T21:04:34,2023-07-19T18:30:58,2023-07-16T05:30:07,repo-18,73
issue-240,5711,issue_240,fixing bug_240,2023-05-03T15:04:08,2023-07-18T21:03:11,2023-05-07T21:08:50,repo-9,52
issue-241,1619,issue_241,fixing bug_241,2023-07-02T04:08:33,2023-07-10T07:37:37,2023-07-13T16:22:57,repo-18,77
issue-242,4386,issue_242,fixing bug_242,2022-11-19T14:44:45,2023-06-18T22:30:12,2023-02-14T09:28:19,repo-11,70
issue-243,1441,issue_243,fixing bug_243,2022-09-28T18:42:53,2022-10-18T20:34:22,2023-07-07T11:27:28,repo-26,14
issue-244,2742,issue_244,fixing bug_244,2022-09-14T04:40:35,2023-06-30T07:28:32,2023-01-14T19:29:31,repo-9,68
issue-245,1245,issue_245,fixing bug_245,2022-09-04T00:21:27,2023-01-31T03:07:40,2023-05-22T16:57:33,repo-24,84
issue-246,5960,issue_246,fixing bug_246,2023-03-08T00:29:56,2023-05-01T02:27:53,2023-06-04T07:18:45,repo-28,77
issue-247,5151,issue_247,fixing bug_247,2022-12-29T07:58:33,2023-01-30T09:46:13,2023-04-27T01:17:30,repo-18,25
issue-248,5080,issue_248,fixing bug_248,2023-07-02T14:31:29,2023-07-05T13:55:21,2023-07-18T12:58:18,repo-19,9
issue-249,3179,issue_249,fixing bug_249,2023-06-03T16:02:45,2023-07-13T14:50:11,2023-06-19T04:07:37,repo-19,20
issue-250,3478,issue_250,fixing bug_250,2022-12-15T07:13:24,2022-12-30T02:34:15,2023-02-17T15:21:12,repo-29,37
issue-251,5986,issue_251,fixing bug_251,2022-12-16T01:13:32,2023-04-21T13:56:42,2022-12-21T16:11:46,repo-6,39
issue-252,6737,issue_252,fixing bug_252,2023-03-18T14:39:23,2023-03-20T01:06:11,2023-04-06T07:33:39,repo-19,6
issue-253,6432,issue_253,fixing bug_253,2022-12-22T04:33:09,2023-07-06T14:01:34,2023-06-22T17:19:31,repo-28,9
issue-254,7698,issue_254,fixing bug_254,2023-06-01T22:50:45,2023-06-27T22:06:57,2023-06-27T13:31:28,repo-9,97
issue-255,2808,issue_255,fixing bug_255,2022-07-28T00:03:19,2022-08-13T15:46:41,2022-10-20T16:18:29,repo-6,2
issue-256,5742,issue_256,fixing bug_256,2023-07-07T09:53:02,2023-07-13T02:55:41,2023-07-08T01:14:22,repo-26,11
issue-257,1420,issue_257,fixing bug_257,2023-01-15T15:24:02,2023-04-16T18:47:14,2023-04-04T05:50:33,repo-4,56
issue-258,9308,issue_258,fixing bug_258,2022-12-05T08:09:25,2023-03-11T22:25:24,2023-03-20T07:17:17,repo-5,15
issue-259,5525,issue_259,fixing bug_259,2023-01-30T12:20:29,2023-04-17T19:47:29,2023-02-06T03:11:01,repo-25,37
issue-260,9529,issue_260,fixing bug_260,2022-09-07T20:49:19,2022-11-06T03:21:28,2023-02-27T19:39:36,repo-22,7
issue-261,3769,issue_261,fixing bug_261,2023-05-01T12:47:15,2023-05-14T19:27:33,2023-07-13T15:50:22,repo-15,62
issue-262,1135,issue_262,fixing bug_262,2022-08-12T18:04:55,2023-07-12T03:17:15,2023-06-20T09:46:29,repo-32,49
issue-263,6261,issue_263,fixing bug_263,2023-04-23T10:02:50,2023-06-23T10:18:16,2023-05-13T06:32:48,repo-7,13
issue-264,6873,issue_264,fixing bug_264,2022-07-22T09:20:48,2022-09-21T23:21:16,2023-04-04T15:44:45,repo-20,35
issue-265,8069,issue_265,fixing bug_265,2022-09-30T05:03:33,2023-04-20T12:38:57,2022-11-22T08:41:53,repo-17,39
issue-266,2626,issue_266,fixing bug_266,2022-07-06T23:53:29,2022-08-29T16:43:04,2023-01-10T16:05:16,repo-8,57
issue-267,7420,issue_267,fixing bug_267,2023-01-07T13:16:11,2023-04-07T22:58:41,2023-03-14T22:35:16,repo-8,1
issue-268,7892,issue_268,fixing bug_268,2023-02-06T10:12:04,2023-03-13T19:40:27,2023-06-01T09:52:31,repo-14,10
issue-269,2095,issue_269,fixing bug_269,2022-07-14T17:42:58,2023-06-30T20:56:50,2023-06-28T19:36:27,repo-13,69
issue-270,9835,issue_270,fixing bug_270,2023-04-14T17:20:50,2023-05-14T05:40:42,2023-04-21T15:46:19,repo-24,10
issue-271,2446,issue_271,fixing bug_271,2022-08-17T23:29:38,2023-04-24T00:09:31,2022-12-10T22:52:53,repo-27,52
issue-272,8022,issue_272,fixing bug_272,2022-07-02T12:59:47,2023-04-11T14:51:08,2023-03-18T04:19:02,repo-4,20
issue-273,8736,issue_273,fixing bug_273,2022-06-30T15:52:21,2023-03-10T23:36:35,2023-06-27T06:59:54,repo-28,5
issue-274,1072,issue_274,fixing bug_274,2022-09-19T07:42:41,2022-10-03T13:05:33,2023-01-15T13:23:56,repo-2,52
issue-275,1575,issue_275,fixing bug_275,2022-08-15T06:09:53,2022-10-07T11:09:40,2023-04-29T18:30:33,repo-16,100
issue-276,3997,issue_276,fixing bug_276,2022-07-06T18:04:12,2022-09-26T05:46:45,2023-02-20T13:03:18,repo-26,94
issue-277,8876,issue_277,fixing bug_277,2022-09-19T06:34:22,2023-04-06T20:30:33,2022-11-19T13:40:55,repo-5,84
issue-278,6245,issue_278,fixing bug_278,2022-11-17T06:55:11,2023-02-18T12:15:35,2023-03-08T18:49:54,repo-23,19
issue-279,7809,issue_279,fixing bug_279,2023-07-01T19:42:20,2023-07-16T10:27:17,2023-07-14T14:09:45,repo-21,98
issue-280,4523,issue_280,fixing bug_280,2022-07-14T19:00:34,2023-01-05T11:08:54,2022-10-19T20:20:34,repo-13,93
issue-281,9665,issue_281,fixing bug_281,2023-05-03T14:21:32,2023-05-10T22:16:37,2023-07-18T17:08:01,repo-26,32
issue-282,2949,issue_282,fixing bug_282,2023-05-19T03:09:50,2023-06-17T15:05:06,2023-05-22T09:31:23,repo-26,20
issue-283,2536,issue_283,fixing bug_283,2022-10-21T08:48:05,2023-02-24T20:38:07,2023-03-06T01:19:58,repo-10,75
issue-284,7795,issue_284,fixing bug_284,2022-07-03T11:25:26,2022-12-02T00:58:58,2023-07-01T07:28:34,repo-19,22
issue-285,3424,issue_285,fixing bug_285,2022-10-01T03:34:27,2022-11-02T16:21:26,2023-03-27T09:28:03,repo-15,28
issue-286,8521,issue_286,fixing bug_286,2023-01-03T22:16:13,2023-01-20T09:50:27,2023-06-29T19:38:48,repo-20,27
issue-287,1051,issue_287,fixing bug_287,2023-03-13T02:07:09,2023-06-24T15:27:05,2023-07-05T00:09:02,repo-32,62
issue-288,8909,issue_288,fixing bug_288,2022-10-18T14:01:21,2023-02-12T02:49:03,2023-02-16T12:23:39,repo-13,43
issue-289,5210,issue_289,fixing bug_289,2023-02-25T00:32:10,2023-06-28T15:33:09,2023-06-04T18:50:21,repo-4,4
issue-290,1646,issue_290,fixing bug_290,2022-12-28T23:24:00,2023-03-01T20:13:18,2023-01-23T09:25:44,repo-10,59
issue-291,9041,issue_291,fixing bug_291,2023-03-19T02:56:00,2023-03-21T18:49:36,2023-05-04T12:01:20,repo-22,52
issue-292,1777,issue_292,fixing bug_292,2023-01-07T00:30:30,2023-02-15T05:41:18,2023-02-09T16:02:40,repo-34,26
issue-293,4468,issue_293,fixing bug_293,2022-07-07T05:19:00,2022-12-19T05:07:26,2022-12-05T03:45:13,repo-2,76
issue-294,7828,issue_294,fixing bug_294,2023-06-20T02:36:45,2023-06-23T01:10:04,2023-06-25T08:57:19,repo-19,49
issue-295,9510,issue_295,fixing bug_295,2023-03-16T09:04:05,2023-05-27T15:20:00,2023-05-28T20:46:39,repo-22,61
issue-296,1463,issue_296,fixing bug_296,2023-06-13T01:19:15,2023-07-05T10:39:57,2023-06-23T19:07:31,repo-13,59
issue-297,8654,issue_297,fixing bug_297,2022-10-07T00:28:28,2022-10-29T02:57:42,2023-03-08T08:36:16,repo-7,49
issue-298,5929,issue_298,fixing bug_298,2022-09-15T01:27:07,2023-06-25T18:40:05,2023-01-03T03:34:39,repo-3,10
issue-299,1852,issue_299,fixing bug_299,2022-09-27T04:17:30,2023-07-05T09:45:00,2023-03-04T03:16:09,repo-27,48
issue-300,9826,issue_300,fixing bug_300,2022-12-09T05:53:28,2023-06-04T19:09:10,2022-12-12T20:45:52,repo-21,13
=======
issue-1,5011,issue_1,fixing bug_001,2023-03-28T19:31:13,2023-03-29T06:13:11,2023-06-20T18:47:57,repo-4,21
issue-2,2169,issue_2,fixing bug_002,2023-05-26T19:14:41,2023-05-27T14:34:45,2023-06-01T14:45:02,repo-3,77
issue-3,1485,issue_3,fixing bug_003,2022-11-30T02:56:59,2022-12-01T09:12:42,2023-07-10T05:35:38,repo-2,62
issue-4,5598,issue_4,fixing bug_004,2023-06-16T04:51:29,2023-06-16T10:47:13,2023-07-19T13:56:45,repo-28,74
issue-5,6805,issue_5,fixing bug_005,2023-05-30T06:25:29,2023-05-31T15:51:07,2023-06-13T07:52:53,repo-24,10
issue-6,6587,issue_6,fixing bug_006,2022-11-11T12:51:55,2022-11-12T07:12:40,2023-06-01T06:32:18,repo-18,91
issue-7,7837,issue_7,fixing bug_007,2023-07-16T19:54:27,2023-07-16T21:55:37,2023-07-17T21:26:48,repo-16,99
issue-8,1107,issue_8,fixing bug_008,2023-04-30T17:58:04,2023-05-02T06:52:29,2023-06-19T00:44:58,repo-23,31
issue-9,4844,issue_9,fixing bug_009,2022-12-19T04:44:43,2022-12-20T06:50:30,2023-06-02T00:03:32,repo-8,53
issue-10,1737,issue_10,fixing bug_010,2022-09-17T07:03:08,2022-09-18T02:21:54,2022-11-14T08:26:46,repo-31,64
issue-11,8836,issue_11,fixing bug_011,2023-05-12T23:13:05,2023-05-13T00:16:49,2023-05-15T09:00:09,repo-2,59
issue-12,4164,issue_12,fixing bug_012,2022-09-26T08:28:04,2022-09-27T03:03:39,2022-11-12T13:43:00,repo-5,85
issue-13,3990,issue_13,fixing bug_013,2022-10-13T23:26:21,2022-10-14T22:50:07,2023-05-09T02:35:25,repo-6,83
issue-14,3785,issue_14,fixing bug_014,2022-12-26T05:03:58,2022-12-27T23:04:52,2023-06-11T10:00:48,repo-14,8
issue-15,3230,issue_15,fixing bug_015,2022-10-23T02:47:10,2022-10-23T13:32:28,2023-07-07T10:36:29,repo-21,25
issue-16,9169,issue_16,fixing bug_016,2023-05-30T22:44:51,2023-05-31T03:09:20,2023-06-25T21:26:54,repo-9,94
issue-17,2282,issue_17,fixing bug_017,2022-11-27T21:11:26,2022-11-28T20:19:06,2023-03-09T06:58:42,repo-3,97
issue-18,7517,issue_18,fixing bug_018,2023-06-12T03:15:19,2023-06-13T07:31:32,2023-07-19T02:25:30,repo-14,29
issue-19,3820,issue_19,fixing bug_019,2022-11-18T00:42:00,2022-11-18T23:38:11,2022-12-20T15:41:06,repo-8,47
issue-20,6535,issue_20,fixing bug_020,2022-11-26T02:44:03,2022-11-26T02:56:58,2022-12-06T07:45:56,repo-14,76
issue-21,5848,issue_21,fixing bug_021,2023-07-16T19:36:02,2023-07-17T12:37:33,2023-07-17T00:19:59,repo-19,51
issue-22,4136,issue_22,fixing bug_022,2022-12-31T17:19:39,2023-01-01T05:27:03,2023-06-18T14:24:42,repo-15,73
issue-23,7052,issue_23,fixing bug_023,2023-06-20T07:06:57,2023-06-21T00:49:55,2023-06-22T16:28:52,repo-17,15
issue-24,7648,issue_24,fixing bug_024,2022-12-23T00:00:02,2022-12-24T08:15:21,2023-04-21T13:53:09,repo-4,48
issue-25,6913,issue_25,fixing bug_025,2023-06-12T07:00:00,2023-06-13T19:23:29,2023-07-06T04:36:40,repo-4,9
issue-26,6439,issue_26,fixing bug_026,2023-04-04T01:30:37,2023-04-04T11:20:15,2023-05-10T00:25:11,repo-15,68
issue-27,9306,issue_27,fixing bug_027,2022-10-07T17:57:03,2022-10-08T01:20:26,2022-10-25T14:50:24,repo-2,50
issue-28,2513,issue_28,fixing bug_028,2022-10-18T06:28:32,2022-10-19T08:42:23,2022-12-29T08:18:48,repo-17,84
issue-29,8845,issue_29,fixing bug_029,2023-05-16T21:46:51,2023-05-17T06:16:20,2023-06-06T02:36:42,repo-9,33
issue-30,2728,issue_30,fixing bug_030,2023-04-21T16:59:46,2023-04-22T00:10:23,2023-07-05T03:02:54,repo-34,37
issue-31,4099,issue_31,fixing bug_031,2022-07-22T23:31:17,2022-07-24T05:05:08,2023-07-12T08:06:35,repo-5,73
issue-32,4543,issue_32,fixing bug_032,2022-12-19T12:09:32,2022-12-19T18:19:47,2023-06-23T22:21:19,repo-21,44
issue-33,1831,issue_33,fixing bug_033,2023-05-31T01:51:52,2023-06-01T07:48:43,2023-06-13T00:27:28,repo-6,13
issue-34,9643,issue_34,fixing bug_034,2022-12-13T17:57:34,2022-12-15T07:52:53,2023-05-14T05:10:52,repo-7,8
issue-35,9801,issue_35,fixing bug_035,2023-07-01T03:17:33,2023-07-02T14:06:08,2023-07-17T10:49:15,repo-2,80
issue-36,1008,issue_36,fixing bug_036,2023-06-15T14:42:20,2023-06-17T14:41:26,2023-06-23T17:03:51,repo-10,64
issue-37,6053,issue_37,fixing bug_037,2023-02-01T22:16:51,2023-02-03T00:00:31,2023-06-19T22:07:56,repo-2,97
issue-38,2378,issue_38,fixing bug_038,2023-04-29T01:35:43,2023-04-29T19:05:09,2023-05-04T16:34:58,repo-3,28
issue-39,4392,issue_39,fixing bug_039,2022-10-30T03:55:49,2022-10-30T22:11:50,2023-05-30T12:30:10,repo-7,60
issue-40,9306,issue_40,fixing bug_040,2023-01-11T18:08:30,2023-01-13T14:39:32,2023-05-09T21:45:45,repo-27,87
issue-41,4507,issue_41,fixing bug_041,2023-02-07T07:57:28,2023-02-08T22:41:18,2023-06-12T04:25:26,repo-32,88
issue-42,5476,issue_42,fixing bug_042,2023-02-12T14:16:54,2023-02-12T21:34:54,2023-02-14T21:55:39,repo-14,85
issue-43,4739,issue_43,fixing bug_043,2022-12-19T06:13:22,2022-12-19T06:43:31,2023-01-24T23:56:33,repo-7,75
issue-44,1133,issue_44,fixing bug_044,2023-03-02T12:03:05,2023-03-02T16:38:23,2023-04-17T11:57:23,repo-25,91
issue-45,4397,issue_45,fixing bug_045,2022-12-19T05:38:27,2022-12-20T03:34:41,2023-07-05T06:51:46,repo-5,27
issue-46,4226,issue_46,fixing bug_046,2022-12-20T15:49:44,2022-12-20T19:43:28,2023-07-19T03:59:35,repo-21,56
issue-47,1788,issue_47,fixing bug_047,2023-05-03T09:09:18,2023-05-03T18:02:59,2023-05-05T04:15:04,repo-11,97
issue-48,4352,issue_48,fixing bug_048,2022-08-15T15:19:45,2022-08-17T05:25:55,2022-08-30T02:33:20,repo-16,20
issue-49,4945,issue_49,fixing bug_049,2022-07-19T07:01:04,2022-07-21T00:18:48,2022-12-01T19:37:18,repo-30,2
issue-50,3532,issue_50,fixing bug_050,2023-05-08T05:22:32,2023-05-08T10:35:32,2023-06-18T12:59:54,repo-25,14
issue-51,9930,issue_51,fixing bug_051,2023-06-16T00:05:23,2023-06-17T02:22:41,2023-06-25T18:27:04,repo-20,6
issue-52,2315,issue_52,fixing bug_052,2023-06-15T13:53:35,2023-06-16T14:14:56,2023-07-02T22:25:04,repo-25,74
issue-53,4165,issue_53,fixing bug_053,2023-02-24T19:30:59,2023-02-25T19:59:21,2023-04-19T16:33:30,repo-14,11
issue-54,9644,issue_54,fixing bug_054,2023-05-10T22:37:52,2023-05-11T03:50:22,2023-06-27T03:19:07,repo-29,46
issue-55,5069,issue_55,fixing bug_055,2023-06-17T19:27:35,2023-06-17T21:22:20,2023-06-25T03:31:24,repo-21,33
issue-56,8177,issue_56,fixing bug_056,2022-08-04T22:02:11,2022-08-06T16:34:16,2023-03-21T05:29:05,repo-23,91
issue-57,6531,issue_57,fixing bug_057,2022-09-02T02:15:23,2022-09-03T10:57:32,2023-02-24T19:37:45,repo-23,81
issue-58,5120,issue_58,fixing bug_058,2022-08-06T03:01:06,2022-08-07T15:35:04,2022-10-21T15:12:00,repo-5,16
issue-59,8729,issue_59,fixing bug_059,2023-05-20T18:34:19,2023-05-22T08:17:46,2023-05-25T09:45:41,repo-24,99
issue-60,5867,issue_60,fixing bug_060,2022-12-17T15:38:12,2022-12-18T12:18:34,2023-06-06T15:00:19,repo-5,3
issue-61,6069,issue_61,fixing bug_061,2023-04-15T07:29:56,2023-04-16T06:39:21,2023-07-09T14:21:35,repo-15,47
issue-62,8512,issue_62,fixing bug_062,2023-06-16T08:35:39,2023-06-17T21:24:54,2023-07-05T05:11:00,repo-24,66
issue-63,7892,issue_63,fixing bug_063,2023-05-13T19:17:17,2023-05-14T13:21:10,2023-05-23T09:48:14,repo-24,96
issue-64,3099,issue_64,fixing bug_064,2023-03-12T00:09:04,2023-03-12T02:39:14,2023-05-29T16:49:55,repo-32,58
issue-65,3427,issue_65,fixing bug_065,2022-10-31T22:07:00,2022-10-31T23:00:47,2023-03-29T14:02:05,repo-4,12
issue-66,3505,issue_66,fixing bug_066,2022-12-20T10:25:54,2022-12-21T20:57:07,2023-04-14T00:44:19,repo-18,56
issue-67,3798,issue_67,fixing bug_067,2022-10-16T13:55:26,2022-10-18T08:20:50,2023-03-05T03:26:36,repo-33,49
issue-68,4163,issue_68,fixing bug_068,2022-11-20T06:06:01,2022-11-21T07:40:04,2023-07-05T09:51:18,repo-18,83
issue-69,5685,issue_69,fixing bug_069,2022-07-07T08:50:08,2022-07-07T19:00:50,2022-10-28T20:56:48,repo-10,59
issue-70,9114,issue_70,fixing bug_070,2023-02-10T02:56:19,2023-02-10T17:13:33,2023-02-24T20:36:40,repo-5,86
issue-71,8018,issue_71,fixing bug_071,2022-10-25T00:14:29,2022-10-25T19:21:29,2023-06-17T22:14:51,repo-15,98
issue-72,1754,issue_72,fixing bug_072,2023-02-19T20:21:35,2023-02-19T21:02:01,2023-05-05T02:28:55,repo-1,90
issue-73,2184,issue_73,fixing bug_073,2023-02-05T01:51:55,2023-02-05T09:01:13,2023-06-15T00:36:39,repo-3,31
issue-74,8451,issue_74,fixing bug_074,2023-02-08T15:01:36,2023-02-10T14:35:17,2023-05-26T03:50:38,repo-17,85
issue-75,3344,issue_75,fixing bug_075,2022-08-15T20:52:46,2022-08-16T11:56:55,2023-05-15T17:48:11,repo-30,16
issue-76,1280,issue_76,fixing bug_076,2022-09-10T17:10:58,2022-09-11T21:39:35,2023-04-21T09:02:18,repo-8,97
issue-77,4752,issue_77,fixing bug_077,2022-10-22T23:56:48,2022-10-23T11:37:24,2023-03-06T16:25:51,repo-27,68
issue-78,1319,issue_78,fixing bug_078,2022-10-19T14:20:33,2022-10-20T20:34:25,2022-12-20T10:38:28,repo-30,43
issue-79,1554,issue_79,fixing bug_079,2022-10-20T02:41:06,2022-10-20T21:41:49,2023-05-09T17:00:09,repo-9,90
issue-80,1557,issue_80,fixing bug_080,2023-03-10T21:52:47,2023-03-11T04:20:55,2023-06-20T21:27:29,repo-34,1
issue-81,3378,issue_81,fixing bug_081,2022-07-18T05:47:17,2022-07-19T13:53:45,2022-12-09T08:56:10,repo-30,80
issue-82,9950,issue_82,fixing bug_082,2023-05-29T17:09:58,2023-05-31T01:53:23,2023-06-06T13:18:22,repo-4,98
issue-83,9321,issue_83,fixing bug_083,2022-10-13T21:52:31,2022-10-13T22:15:15,2023-04-13T22:10:37,repo-1,10
issue-84,3536,issue_84,fixing bug_084,2022-11-16T21:10:21,2022-11-18T13:01:16,2023-06-30T15:53:55,repo-27,61
issue-85,9763,issue_85,fixing bug_085,2023-01-24T05:43:29,2023-01-25T14:51:34,2023-06-12T04:58:33,repo-15,98
issue-86,9271,issue_86,fixing bug_086,2023-05-21T09:48:51,2023-05-22T13:21:16,2023-06-26T08:31:21,repo-17,48
issue-87,7207,issue_87,fixing bug_087,2023-05-01T00:01:27,2023-05-02T19:42:15,2023-07-06T12:50:21,repo-15,9
issue-88,1911,issue_88,fixing bug_088,2023-04-25T03:34:11,2023-04-26T18:28:13,2023-06-03T15:32:46,repo-26,5
issue-89,6938,issue_89,fixing bug_089,2022-07-09T21:31:48,2022-07-10T20:22:25,2023-04-18T12:30:25,repo-5,25
issue-90,6453,issue_90,fixing bug_090,2022-09-24T22:42:57,2022-09-26T04:46:57,2022-11-13T22:20:06,repo-24,64
issue-91,2707,issue_91,fixing bug_091,2022-11-19T23:09:17,2022-11-20T11:50:00,2023-06-20T07:25:10,repo-12,32
issue-92,3213,issue_92,fixing bug_092,2022-09-10T14:09:53,2022-09-12T07:16:17,2023-01-31T16:17:13,repo-26,13
issue-93,1132,issue_93,fixing bug_093,2022-12-27T23:43:53,2022-12-29T07:48:55,2023-05-02T12:05:32,repo-33,85
issue-94,6261,issue_94,fixing bug_094,2022-07-25T01:34:39,2022-07-25T23:43:51,2023-03-18T05:13:49,repo-27,43
issue-95,6950,issue_95,fixing bug_095,2023-05-27T06:57:28,2023-05-27T12:01:39,2023-06-06T22:29:36,repo-1,34
issue-96,8442,issue_96,fixing bug_096,2023-02-19T19:44:34,2023-02-21T00:12:30,2023-07-13T23:25:35,repo-3,5
issue-97,5792,issue_97,fixing bug_097,2023-03-31T19:11:05,2023-04-02T15:24:38,2023-07-15T06:58:45,repo-18,7
issue-98,3423,issue_98,fixing bug_098,2023-03-26T19:00:02,2023-03-28T04:16:33,2023-06-11T01:38:05,repo-20,56
issue-99,5257,issue_99,fixing bug_099,2023-05-22T18:59:19,2023-05-23T19:10:31,2023-07-15T23:09:20,repo-25,55
issue-100,9008,issue_100,fixing bug_100,2023-07-03T18:35:58,2023-07-04T06:18:13,2023-07-17T21:13:53,repo-3,67
issue-101,5688,issue_101,fixing bug_101,2022-10-24T12:24:55,2022-10-25T05:46:52,2023-02-07T13:31:34,repo-20,73
issue-102,3101,issue_102,fixing bug_102,2023-04-30T15:00:56,2023-05-02T13:39:35,2023-06-08T20:47:40,repo-20,27
issue-103,8380,issue_103,fixing bug_103,2022-09-21T06:08:49,2022-09-22T17:30:45,2023-06-27T00:05:59,repo-10,84
issue-104,2313,issue_104,fixing bug_104,2023-01-02T06:16:25,2023-01-03T20:11:24,2023-06-02T07:31:04,repo-25,23
issue-105,6429,issue_105,fixing bug_105,2023-03-03T06:05:50,2023-03-03T17:06:55,2023-03-25T10:25:46,repo-12,54
issue-106,7889,issue_106,fixing bug_106,2022-07-16T08:11:09,2022-07-16T23:27:55,2023-05-14T08:31:09,repo-8,43
issue-107,3849,issue_107,fixing bug_107,2023-02-11T11:48:15,2023-02-11T21:42:05,2023-07-19T20:24:34,repo-3,8
issue-108,1723,issue_108,fixing bug_108,2023-04-11T09:43:52,2023-04-12T12:56:16,2023-06-09T13:46:03,repo-26,99
issue-109,8260,issue_109,fixing bug_109,2022-12-17T19:05:09,2022-12-18T07:05:51,2023-03-05T03:27:51,repo-13,31
issue-110,8083,issue_110,fixing bug_110,2022-11-02T07:15:08,2022-11-02T11:24:02,2023-07-04T22:06:56,repo-3,71
issue-111,9958,issue_111,fixing bug_111,2023-06-29T15:40:50,2023-07-01T03:33:28,2023-07-17T02:30:55,repo-1,66
issue-112,7806,issue_112,fixing bug_112,2023-03-24T01:53:20,2023-03-25T03:39:40,2023-04-17T06:41:49,repo-34,8
issue-113,8749,issue_113,fixing bug_113,2022-10-09T05:14:35,2022-10-10T00:41:46,2023-06-28T03:52:23,repo-21,3
issue-114,4574,issue_114,fixing bug_114,2023-06-26T11:09:51,2023-06-28T02:00:15,2023-07-17T21:37:29,repo-1,56
issue-115,9343,issue_115,fixing bug_115,2022-11-09T06:12:01,2022-11-09T06:26:25,2023-07-10T11:43:16,repo-28,65
issue-116,3131,issue_116,fixing bug_116,2022-11-28T22:04:27,2022-11-30T08:38:53,2023-02-04T00:22:28,repo-23,99
issue-117,5211,issue_117,fixing bug_117,2023-04-03T23:00:15,2023-04-04T08:25:05,2023-07-18T06:20:05,repo-2,20
issue-118,1536,issue_118,fixing bug_118,2022-08-29T08:48:05,2022-08-31T05:53:25,2023-04-05T14:17:00,repo-7,48
issue-119,2420,issue_119,fixing bug_119,2022-09-23T12:32:04,2022-09-25T02:45:57,2023-03-04T07:24:35,repo-17,82
issue-120,2641,issue_120,fixing bug_120,2023-05-03T16:52:45,2023-05-03T23:01:04,2023-06-04T12:47:16,repo-19,25
issue-121,1014,issue_121,fixing bug_121,2022-11-08T07:04:28,2022-11-10T06:40:33,2023-06-13T22:00:50,repo-27,29
issue-122,3524,issue_122,fixing bug_122,2023-06-07T02:07:29,2023-06-08T13:45:25,2023-07-19T15:11:49,repo-31,59
issue-123,4367,issue_123,fixing bug_123,2023-02-02T05:08:46,2023-02-03T07:30:10,2023-05-27T09:14:42,repo-2,20
issue-124,3115,issue_124,fixing bug_124,2023-06-26T18:27:55,2023-06-27T23:12:29,2023-06-30T12:14:22,repo-22,47
issue-125,9624,issue_125,fixing bug_125,2023-05-26T08:21:01,2023-05-27T18:38:54,2023-07-02T09:12:53,repo-24,21
issue-126,3049,issue_126,fixing bug_126,2023-04-24T02:03:11,2023-04-26T01:10:52,2023-05-07T14:44:06,repo-23,97
issue-127,4014,issue_127,fixing bug_127,2023-01-08T00:48:11,2023-01-08T06:59:41,2023-07-01T09:57:55,repo-26,42
issue-128,1801,issue_128,fixing bug_128,2023-07-13T20:53:31,2023-07-14T09:03:00,2023-07-16T18:50:49,repo-24,10
issue-129,6185,issue_129,fixing bug_129,2022-09-11T00:44:10,2022-09-11T04:34:57,2023-05-01T20:41:14,repo-9,98
issue-130,8416,issue_130,fixing bug_130,2023-05-09T01:02:37,2023-05-09T13:50:03,2023-06-13T13:15:50,repo-11,34
issue-131,7895,issue_131,fixing bug_131,2023-04-13T12:40:25,2023-04-13T16:18:46,2023-05-01T14:54:33,repo-30,9
issue-132,2348,issue_132,fixing bug_132,2023-03-05T06:00:04,2023-03-06T07:00:32,2023-04-24T02:44:29,repo-1,100
issue-133,9146,issue_133,fixing bug_133,2022-10-30T07:11:06,2022-10-31T16:53:23,2022-11-13T21:07:45,repo-6,41
issue-134,9032,issue_134,fixing bug_134,2022-09-06T00:11:53,2022-09-06T09:00:55,2023-06-25T07:02:36,repo-34,24
issue-135,5204,issue_135,fixing bug_135,2022-10-08T18:33:13,2022-10-10T02:09:32,2023-06-22T10:24:21,repo-14,48
issue-136,3338,issue_136,fixing bug_136,2022-07-21T18:24:56,2022-07-21T21:16:27,2023-06-11T22:57:18,repo-30,27
issue-137,6607,issue_137,fixing bug_137,2022-10-10T12:04:33,2022-10-11T09:15:29,2023-04-19T22:34:54,repo-24,87
issue-138,3168,issue_138,fixing bug_138,2023-02-02T16:40:16,2023-02-03T06:38:00,2023-05-14T14:44:01,repo-7,68
issue-139,9913,issue_139,fixing bug_139,2023-05-11T14:22:58,2023-05-11T17:05:31,2023-05-13T03:12:47,repo-11,45
issue-140,8889,issue_140,fixing bug_140,2022-09-20T03:11:13,2022-09-20T21:57:23,2023-01-05T17:49:20,repo-30,99
issue-141,1516,issue_141,fixing bug_141,2022-12-25T17:53:26,2022-12-27T10:34:14,2023-04-20T17:14:28,repo-27,49
issue-142,9476,issue_142,fixing bug_142,2022-08-16T23:57:00,2022-08-17T09:19:59,2023-04-11T15:33:42,repo-34,63
issue-143,6467,issue_143,fixing bug_143,2022-12-13T21:47:13,2022-12-13T23:51:22,2023-02-26T05:55:09,repo-32,31
issue-144,8307,issue_144,fixing bug_144,2023-03-17T02:40:52,2023-03-17T18:05:58,2023-03-23T12:12:31,repo-10,72
issue-145,3001,issue_145,fixing bug_145,2022-07-18T03:45:43,2022-07-18T16:25:28,2023-05-02T20:25:40,repo-16,47
issue-146,5438,issue_146,fixing bug_146,2022-08-01T11:03:43,2022-08-01T11:10:54,2022-09-30T14:28:55,repo-10,24
issue-147,3438,issue_147,fixing bug_147,2022-08-09T13:58:07,2022-08-11T02:53:32,2023-05-16T10:00:15,repo-22,45
issue-148,7073,issue_148,fixing bug_148,2023-02-15T08:24:41,2023-02-15T11:49:04,2023-07-05T20:53:58,repo-9,93
issue-149,3845,issue_149,fixing bug_149,2023-03-17T11:04:48,2023-03-17T13:58:45,2023-03-18T08:41:05,repo-3,68
issue-150,9113,issue_150,fixing bug_150,2023-06-07T09:53:44,2023-06-08T10:54:17,2023-06-24T00:01:36,repo-29,31
issue-151,9260,issue_151,fixing bug_151,2022-11-15T02:33:07,2022-11-16T01:48:27,2022-11-19T15:54:29,repo-25,9
issue-152,1353,issue_152,fixing bug_152,2022-10-04T19:41:27,2022-10-06T08:35:44,2023-05-07T12:45:23,repo-25,80
issue-153,4680,issue_153,fixing bug_153,2022-08-01T03:58:15,2022-08-01T21:01:27,2022-11-20T11:28:43,repo-23,13
issue-154,6755,issue_154,fixing bug_154,2023-03-10T22:12:25,2023-03-11T19:03:01,2023-04-06T20:05:32,repo-20,95
issue-155,6454,issue_155,fixing bug_155,2023-01-15T12:53:21,2023-01-17T11:05:44,2023-01-26T12:45:20,repo-5,26
issue-156,3551,issue_156,fixing bug_156,2023-02-10T11:47:13,2023-02-11T22:39:58,2023-02-10T12:18:50,repo-4,73
issue-157,4683,issue_157,fixing bug_157,2023-03-17T03:46:40,2023-03-17T11:01:50,2023-06-14T11:09:11,repo-25,78
issue-158,2046,issue_158,fixing bug_158,2022-07-27T03:36:12,2022-07-28T13:27:26,2022-09-01T08:11:35,repo-26,23
issue-159,3190,issue_159,fixing bug_159,2023-06-11T10:15:06,2023-06-12T08:00:49,2023-06-12T11:42:27,repo-16,20
issue-160,5345,issue_160,fixing bug_160,2022-11-03T19:04:03,2022-11-03T19:08:59,2023-02-18T01:35:29,repo-10,68
issue-161,9748,issue_161,fixing bug_161,2023-02-24T02:07:01,2023-02-24T03:03:13,2023-06-05T19:14:50,repo-9,53
issue-162,1201,issue_162,fixing bug_162,2023-01-24T19:04:30,2023-01-26T03:02:07,2023-06-22T08:50:50,repo-6,52
issue-163,9302,issue_163,fixing bug_163,2023-04-22T06:54:59,2023-04-22T18:03:36,2023-05-31T13:56:27,repo-13,36
issue-164,5294,issue_164,fixing bug_164,2022-11-09T08:51:30,2022-11-10T18:49:36,2023-02-08T16:50:08,repo-14,91
issue-165,7926,issue_165,fixing bug_165,2022-08-19T04:56:30,2022-08-19T07:58:17,2023-05-31T06:03:42,repo-32,91
issue-166,4353,issue_166,fixing bug_166,2022-10-10T15:48:07,2022-10-11T15:36:41,2022-11-22T06:24:30,repo-27,25
issue-167,6146,issue_167,fixing bug_167,2022-12-21T21:40:53,2022-12-23T01:48:35,2023-04-19T08:51:27,repo-31,8
issue-168,9097,issue_168,fixing bug_168,2022-08-20T21:38:38,2022-08-21T01:35:27,2022-11-18T15:10:11,repo-1,81
issue-169,2559,issue_169,fixing bug_169,2023-07-19T04:37:53,2023-07-19T15:29:28,2023-07-19T13:16:25,repo-4,42
issue-170,8952,issue_170,fixing bug_170,2023-06-09T03:00:33,2023-06-10T08:45:29,2023-07-13T14:48:55,repo-25,2
issue-171,8572,issue_171,fixing bug_171,2022-11-10T03:52:27,2022-11-11T10:02:06,2023-02-07T08:12:34,repo-8,23
issue-172,8402,issue_172,fixing bug_172,2023-05-05T20:45:30,2023-05-07T00:11:23,2023-07-09T02:24:03,repo-34,3
issue-173,8255,issue_173,fixing bug_173,2023-06-18T13:32:37,2023-06-20T01:35:29,2023-06-25T21:34:02,repo-31,42
issue-174,4939,issue_174,fixing bug_174,2023-04-05T23:30:41,2023-04-07T10:15:32,2023-05-17T17:22:52,repo-23,24
issue-175,8819,issue_175,fixing bug_175,2022-07-04T01:35:15,2022-07-05T07:39:23,2022-08-22T02:21:55,repo-8,2
issue-176,4934,issue_176,fixing bug_176,2023-02-25T07:31:29,2023-02-26T01:57:20,2023-04-18T06:26:52,repo-2,23
issue-177,1411,issue_177,fixing bug_177,2022-09-29T10:52:29,2022-10-01T05:48:40,2023-04-12T08:43:06,repo-14,24
issue-178,5754,issue_178,fixing bug_178,2022-10-13T14:23:10,2022-10-14T17:58:57,2023-04-01T18:09:15,repo-13,24
issue-179,6064,issue_179,fixing bug_179,2022-07-04T19:06:32,2022-07-06T11:57:14,2023-05-12T10:39:55,repo-3,98
issue-180,4157,issue_180,fixing bug_180,2023-03-14T18:12:30,2023-03-16T02:05:34,2023-07-05T13:59:29,repo-16,23
issue-181,2523,issue_181,fixing bug_181,2023-03-22T02:45:23,2023-03-23T05:36:31,2023-04-06T11:44:10,repo-10,53
issue-182,8578,issue_182,fixing bug_182,2023-05-19T16:41:45,2023-05-20T23:24:21,2023-07-08T17:54:25,repo-22,100
issue-183,6540,issue_183,fixing bug_183,2023-04-18T03:05:28,2023-04-18T03:28:56,2023-05-11T04:11:50,repo-15,83
issue-184,8957,issue_184,fixing bug_184,2022-09-14T22:36:47,2022-09-15T20:08:38,2023-01-25T00:18:57,repo-23,63
issue-185,5510,issue_185,fixing bug_185,2022-11-13T10:38:24,2022-11-13T14:09:40,2023-01-23T00:13:21,repo-27,26
issue-186,7295,issue_186,fixing bug_186,2022-07-27T03:47:32,2022-07-28T01:37:01,2023-07-17T00:36:17,repo-16,10
issue-187,2210,issue_187,fixing bug_187,2022-08-17T01:33:46,2022-08-17T21:04:40,2022-09-21T17:42:58,repo-33,87
issue-188,9755,issue_188,fixing bug_188,2023-06-28T11:03:31,2023-06-30T01:49:46,2023-07-15T04:35:53,repo-11,26
issue-189,3859,issue_189,fixing bug_189,2022-09-03T15:30:58,2022-09-05T12:12:50,2022-10-26T11:05:11,repo-15,46
issue-190,7156,issue_190,fixing bug_190,2023-01-17T09:49:07,2023-01-18T03:11:03,2023-03-03T16:21:12,repo-29,27
issue-191,7038,issue_191,fixing bug_191,2022-12-01T05:10:40,2022-12-01T17:50:41,2023-02-24T11:10:46,repo-33,52
issue-192,6818,issue_192,fixing bug_192,2023-02-18T03:35:30,2023-02-19T17:17:41,2023-04-21T11:14:26,repo-33,31
issue-193,7844,issue_193,fixing bug_193,2023-03-10T09:20:33,2023-03-11T10:16:09,2023-04-23T06:55:51,repo-12,82
issue-194,4785,issue_194,fixing bug_194,2022-11-25T12:59:10,2022-11-27T03:09:26,2023-07-08T16:14:43,repo-32,71
issue-195,7440,issue_195,fixing bug_195,2022-10-29T22:27:34,2022-10-30T13:38:40,2023-04-04T05:32:26,repo-27,99
issue-196,8510,issue_196,fixing bug_196,2023-03-16T07:06:58,2023-03-18T03:38:09,2023-04-10T04:41:53,repo-1,36
issue-197,3917,issue_197,fixing bug_197,2023-04-18T12:15:12,2023-04-19T01:26:05,2023-06-07T23:06:58,repo-33,69
issue-198,9729,issue_198,fixing bug_198,2023-01-04T11:54:48,2023-01-06T00:29:53,2023-03-11T08:53:38,repo-33,78
issue-199,4483,issue_199,fixing bug_199,2023-06-23T13:52:31,2023-06-23T13:56:49,2023-07-12T17:59:33,repo-21,75
issue-200,7400,issue_200,fixing bug_200,2023-03-02T06:42:49,2023-03-03T18:26:45,2023-03-18T01:46:12,repo-9,78
issue-201,4825,issue_201,fixing bug_201,2023-01-05T01:30:43,2023-01-06T13:33:57,2023-06-01T13:29:44,repo-16,75
issue-202,7145,issue_202,fixing bug_202,2023-06-16T22:38:49,2023-06-18T09:40:24,2023-06-19T10:35:39,repo-5,63
issue-203,5809,issue_203,fixing bug_203,2023-02-07T05:12:31,2023-02-08T06:48:40,2023-03-17T03:59:42,repo-23,43
issue-204,4469,issue_204,fixing bug_204,2023-03-09T06:20:49,2023-03-11T04:55:20,2023-05-06T12:01:02,repo-22,94
issue-205,6428,issue_205,fixing bug_205,2023-06-05T23:00:44,2023-06-07T14:05:40,2023-06-17T05:23:58,repo-16,64
issue-206,5964,issue_206,fixing bug_206,2022-12-24T12:14:22,2022-12-25T11:30:47,2023-05-17T13:00:48,repo-23,8
issue-207,8831,issue_207,fixing bug_207,2023-06-13T09:55:13,2023-06-14T14:30:03,2023-06-28T00:36:03,repo-25,48
issue-208,8146,issue_208,fixing bug_208,2022-12-05T17:26:29,2022-12-07T07:22:28,2023-05-09T14:10:28,repo-34,23
issue-209,1447,issue_209,fixing bug_209,2022-11-03T06:02:30,2022-11-05T00:06:00,2022-12-14T00:55:44,repo-6,35
issue-210,3797,issue_210,fixing bug_210,2022-12-15T03:39:34,2022-12-17T01:31:14,2022-12-20T03:29:24,repo-23,58
issue-211,5104,issue_211,fixing bug_211,2022-10-07T10:00:07,2022-10-08T18:42:25,2023-05-01T01:50:06,repo-18,12
issue-212,7434,issue_212,fixing bug_212,2023-01-21T07:06:11,2023-01-22T01:28:10,2023-02-13T06:51:50,repo-25,88
issue-213,2020,issue_213,fixing bug_213,2023-06-26T04:16:10,2023-06-27T23:06:18,2023-07-13T01:56:08,repo-13,28
issue-214,4404,issue_214,fixing bug_214,2023-03-24T00:41:25,2023-03-25T13:51:00,2023-05-03T13:22:01,repo-21,77
issue-215,1009,issue_215,fixing bug_215,2022-08-29T11:17:03,2022-08-30T16:17:31,2023-04-05T16:54:41,repo-32,78
issue-216,2630,issue_216,fixing bug_216,2023-01-18T20:13:39,2023-01-19T09:02:38,2023-05-06T21:55:25,repo-19,29
issue-217,8166,issue_217,fixing bug_217,2023-05-14T01:09:44,2023-05-14T04:05:54,2023-06-18T02:09:39,repo-28,81
issue-218,6660,issue_218,fixing bug_218,2023-01-27T02:32:51,2023-01-27T07:42:07,2023-05-19T22:49:08,repo-22,32
issue-219,6100,issue_219,fixing bug_219,2022-11-18T02:12:24,2022-11-19T09:08:24,2023-06-20T12:29:31,repo-18,14
issue-220,1326,issue_220,fixing bug_220,2023-05-29T18:43:48,2023-05-31T18:12:23,2023-06-11T14:46:25,repo-21,42
issue-221,1384,issue_221,fixing bug_221,2023-03-22T19:13:30,2023-03-24T14:55:15,2023-05-29T08:21:41,repo-31,4
issue-222,2641,issue_222,fixing bug_222,2023-06-04T03:07:13,2023-06-05T00:14:37,2023-06-21T18:09:50,repo-11,36
issue-223,8593,issue_223,fixing bug_223,2023-02-07T14:39:40,2023-02-08T21:18:43,2023-05-24T17:30:41,repo-34,45
issue-224,7173,issue_224,fixing bug_224,2022-08-21T02:20:27,2022-08-22T13:30:24,2022-10-24T05:35:29,repo-4,92
issue-225,9020,issue_225,fixing bug_225,2023-07-05T02:51:59,2023-07-05T12:26:05,2023-07-11T13:40:43,repo-30,95
issue-226,8099,issue_226,fixing bug_226,2022-08-15T20:56:00,2022-08-16T22:41:10,2023-05-29T20:40:12,repo-18,23
issue-227,9800,issue_227,fixing bug_227,2022-08-31T07:17:44,2022-09-01T03:57:56,2023-07-16T17:50:08,repo-12,73
issue-228,3632,issue_228,fixing bug_228,2022-09-19T11:35:15,2022-09-21T04:08:33,2023-07-11T08:58:31,repo-10,72
issue-229,9062,issue_229,fixing bug_229,2022-12-13T03:40:34,2022-12-14T07:01:03,2023-07-12T20:39:16,repo-7,66
issue-230,8260,issue_230,fixing bug_230,2023-05-24T02:12:23,2023-05-25T21:38:24,2023-07-18T04:49:48,repo-8,59
issue-231,2003,issue_231,fixing bug_231,2022-07-18T08:20:48,2022-07-19T16:11:56,2022-11-02T11:02:11,repo-28,34
issue-232,2901,issue_232,fixing bug_232,2022-07-08T00:19:21,2022-07-09T10:05:14,2023-01-19T00:37:13,repo-5,32
issue-233,1775,issue_233,fixing bug_233,2022-11-26T14:13:30,2022-11-27T11:15:18,2023-06-17T04:38:39,repo-33,10
issue-234,6326,issue_234,fixing bug_234,2022-09-18T08:56:54,2022-09-19T22:36:41,2022-12-27T21:56:03,repo-23,30
issue-235,3343,issue_235,fixing bug_235,2022-08-23T01:21:53,2022-08-23T02:22:05,2022-09-16T06:37:01,repo-17,14
issue-236,9677,issue_236,fixing bug_236,2022-12-20T12:17:43,2022-12-20T15:44:02,2023-04-16T21:06:03,repo-14,34
issue-237,2118,issue_237,fixing bug_237,2023-01-09T22:20:45,2023-01-10T19:13:06,2023-01-25T23:11:25,repo-20,81
issue-238,6754,issue_238,fixing bug_238,2022-12-21T08:03:34,2022-12-22T00:00:13,2023-01-20T00:55:34,repo-4,90
issue-239,6327,issue_239,fixing bug_239,2022-08-04T17:02:30,2022-08-04T23:07:42,2023-07-15T02:40:12,repo-16,19
issue-240,5500,issue_240,fixing bug_240,2022-06-30T21:03:13,2022-07-01T22:53:24,2023-06-03T00:29:08,repo-7,52
issue-241,2748,issue_241,fixing bug_241,2023-02-18T02:08:20,2023-02-19T04:37:26,2023-03-04T04:41:41,repo-29,46
issue-242,2593,issue_242,fixing bug_242,2023-03-09T17:51:35,2023-03-11T16:54:30,2023-04-19T15:51:15,repo-8,21
issue-243,5990,issue_243,fixing bug_243,2022-07-13T07:28:29,2022-07-13T15:53:41,2023-05-01T05:28:46,repo-22,22
issue-244,9081,issue_244,fixing bug_244,2023-03-04T12:19:05,2023-03-06T03:44:06,2023-07-05T02:12:53,repo-19,98
issue-245,2342,issue_245,fixing bug_245,2022-08-28T12:31:05,2022-08-29T22:55:49,2023-05-22T13:05:02,repo-16,94
issue-246,2351,issue_246,fixing bug_246,2022-12-06T16:21:43,2022-12-08T16:04:10,2022-12-08T18:45:07,repo-31,87
issue-247,3850,issue_247,fixing bug_247,2023-03-10T05:26:57,2023-03-10T19:12:34,2023-06-18T00:49:27,repo-2,100
issue-248,9339,issue_248,fixing bug_248,2023-04-10T09:05:15,2023-04-11T08:30:16,2023-05-12T15:40:29,repo-17,23
issue-249,1569,issue_249,fixing bug_249,2022-09-28T03:53:02,2022-09-29T20:21:43,2022-10-09T20:54:10,repo-8,54
issue-250,7868,issue_250,fixing bug_250,2022-10-13T20:55:00,2022-10-15T14:55:14,2023-05-20T08:47:42,repo-33,95
issue-251,7551,issue_251,fixing bug_251,2023-04-19T04:28:33,2023-04-19T15:36:48,2023-04-29T00:06:12,repo-9,30
issue-252,9255,issue_252,fixing bug_252,2023-03-01T20:11:10,2023-03-02T12:57:19,2023-07-07T03:10:14,repo-9,48
issue-253,8772,issue_253,fixing bug_253,2023-02-07T10:36:22,2023-02-09T08:17:20,2023-05-12T18:54:44,repo-31,73
issue-254,4048,issue_254,fixing bug_254,2022-10-28T05:54:41,2022-10-29T03:32:29,2023-02-17T20:04:30,repo-24,2
issue-255,1687,issue_255,fixing bug_255,2023-06-07T04:19:31,2023-06-07T23:10:53,2023-06-30T15:27:50,repo-19,32
issue-256,2089,issue_256,fixing bug_256,2023-01-29T00:31:25,2023-01-30T14:58:16,2023-02-22T11:58:39,repo-6,27
issue-257,4198,issue_257,fixing bug_257,2023-04-12T00:15:55,2023-04-12T11:16:13,2023-04-19T03:26:09,repo-24,53
issue-258,1689,issue_258,fixing bug_258,2022-08-21T06:43:40,2022-08-21T13:04:03,2023-04-08T02:45:44,repo-32,92
issue-259,2761,issue_259,fixing bug_259,2023-06-05T11:57:28,2023-06-06T17:38:39,2023-06-13T11:42:39,repo-34,67
issue-260,7686,issue_260,fixing bug_260,2023-04-06T21:43:34,2023-04-08T11:01:26,2023-04-27T03:56:02,repo-28,81
issue-261,8027,issue_261,fixing bug_261,2022-11-13T04:54:23,2022-11-14T11:17:39,2022-11-22T11:54:22,repo-13,99
issue-262,2287,issue_262,fixing bug_262,2022-07-27T16:25:09,2022-07-28T04:00:40,2022-08-02T20:44:43,repo-1,43
issue-263,4771,issue_263,fixing bug_263,2023-05-12T10:35:18,2023-05-12T20:49:25,2023-06-02T21:00:38,repo-19,4
issue-264,9471,issue_264,fixing bug_264,2023-04-09T08:52:17,2023-04-11T03:55:01,2023-07-19T21:13:49,repo-7,7
issue-265,6640,issue_265,fixing bug_265,2022-07-28T08:01:50,2022-07-28T20:29:25,2023-02-06T17:04:40,repo-3,41
issue-266,5039,issue_266,fixing bug_266,2023-05-22T20:33:40,2023-05-23T23:41:25,2023-06-30T08:19:14,repo-2,63
issue-267,3183,issue_267,fixing bug_267,2022-09-07T18:36:56,2022-09-08T16:50:47,2022-12-16T20:30:49,repo-2,42
issue-268,6406,issue_268,fixing bug_268,2022-07-27T18:10:53,2022-07-29T04:03:47,2022-10-01T01:06:47,repo-21,75
issue-269,1270,issue_269,fixing bug_269,2022-11-06T11:15:37,2022-11-07T07:40:18,2023-03-29T23:42:07,repo-21,82
issue-270,5870,issue_270,fixing bug_270,2022-12-02T02:33:25,2022-12-03T06:39:54,2023-02-10T12:33:44,repo-3,4
issue-271,1356,issue_271,fixing bug_271,2022-08-17T08:35:25,2022-08-17T14:39:45,2022-08-30T11:14:02,repo-28,76
issue-272,6538,issue_272,fixing bug_272,2023-01-28T22:44:35,2023-01-30T00:04:06,2023-02-18T18:03:47,repo-33,64
issue-273,4724,issue_273,fixing bug_273,2023-01-24T16:07:53,2023-01-25T12:44:15,2023-04-25T16:22:06,repo-11,11
issue-274,7323,issue_274,fixing bug_274,2023-03-22T00:21:32,2023-03-23T18:24:33,2023-05-24T03:52:44,repo-34,78
issue-275,4752,issue_275,fixing bug_275,2023-04-10T04:47:14,2023-04-10T15:23:07,2023-05-12T18:11:22,repo-2,40
issue-276,9935,issue_276,fixing bug_276,2022-11-07T08:00:05,2022-11-09T07:11:47,2023-02-18T20:38:21,repo-12,83
issue-277,5768,issue_277,fixing bug_277,2022-12-12T09:49:54,2022-12-13T19:45:04,2023-04-02T20:29:58,repo-1,86
issue-278,2588,issue_278,fixing bug_278,2023-06-08T16:13:43,2023-06-10T01:30:15,2023-06-16T23:45:32,repo-13,38
issue-279,6953,issue_279,fixing bug_279,2023-05-28T02:40:21,2023-05-29T08:52:21,2023-06-05T23:06:42,repo-11,74
issue-280,5300,issue_280,fixing bug_280,2022-09-15T06:14:30,2022-09-16T13:56:02,2023-02-01T22:06:45,repo-23,24
issue-281,2944,issue_281,fixing bug_281,2022-12-18T09:10:37,2022-12-19T01:51:33,2022-12-26T04:46:32,repo-23,69
issue-282,8291,issue_282,fixing bug_282,2023-07-03T06:31:20,2023-07-04T06:29:00,2023-07-14T05:45:22,repo-9,80
issue-283,8588,issue_283,fixing bug_283,2022-10-08T15:57:43,2022-10-10T02:18:28,2022-12-15T03:28:58,repo-2,83
issue-284,5190,issue_284,fixing bug_284,2022-09-15T07:11:22,2022-09-15T10:08:13,2023-02-22T23:01:59,repo-31,31
issue-285,7064,issue_285,fixing bug_285,2022-09-09T02:27:12,2022-09-09T21:20:28,2023-05-08T13:15:54,repo-16,86
issue-286,7164,issue_286,fixing bug_286,2022-12-19T08:37:21,2022-12-20T06:22:11,2023-03-29T00:36:27,repo-4,19
issue-287,9109,issue_287,fixing bug_287,2023-04-21T09:09:22,2023-04-22T06:47:07,2023-04-30T17:23:09,repo-11,99
issue-288,8783,issue_288,fixing bug_288,2023-02-19T17:53:14,2023-02-20T19:02:12,2023-04-28T18:20:20,repo-18,73
issue-289,8725,issue_289,fixing bug_289,2022-07-19T21:52:41,2022-07-20T19:49:19,2023-04-15T05:17:13,repo-28,54
issue-290,6079,issue_290,fixing bug_290,2022-12-02T06:24:29,2022-12-03T17:14:03,2023-03-22T13:29:55,repo-28,43
issue-291,1924,issue_291,fixing bug_291,2022-12-16T16:38:00,2022-12-18T14:10:21,2023-07-06T02:02:20,repo-24,99
issue-292,9825,issue_292,fixing bug_292,2023-04-07T06:09:18,2023-04-07T23:06:12,2023-06-18T16:45:02,repo-1,98
issue-293,8090,issue_293,fixing bug_293,2022-07-25T10:08:38,2022-07-26T20:27:57,2022-12-19T04:54:19,repo-10,99
issue-294,1731,issue_294,fixing bug_294,2022-07-08T10:08:01,2022-07-09T08:18:36,2022-11-09T16:01:24,repo-13,70
issue-295,1556,issue_295,fixing bug_295,2022-08-01T23:12:03,2022-08-02T18:09:24,2022-11-05T11:37:44,repo-16,4
issue-296,9646,issue_296,fixing bug_296,2023-07-09T06:22:26,2023-07-09T14:08:12,2023-07-12T15:51:52,repo-14,17
issue-297,5892,issue_297,fixing bug_297,2023-01-03T01:43:21,2023-01-03T23:52:59,2023-05-14T14:13:48,repo-22,53
issue-298,8377,issue_298,fixing bug_298,2023-07-13T07:58:35,2023-07-14T16:41:44,2023-07-17T17:43:23,repo-34,64
issue-299,3944,issue_299,fixing bug_299,2023-01-30T23:25:57,2023-01-31T17:54:42,2023-02-15T07:40:09,repo-13,64
issue-300,6393,issue_300,fixing bug_300,2022-10-24T05:42:41,2022-10-25T14:49:29,2023-06-19T21:35:25,repo-15,81
>>>>>>> e46422e (Add codes to repo)
